{
  "dataset_info": {
    "total_samples": 50000,
    "normal_samples": 30000,
    "attack_samples": 20000,
    "attack_rate": 0.4
  },
  "model_performance": {
    "OneClassSVM": {
      "roc_auc": 0.982319835,
      "precision_at_2pct_fpr": 0.9647452846818262,
      "recall_at_2pct_fpr": 0.82095,
      "f1_score_at_2pct_fpr": 0.8870579972446582,
      "score_range": {
        "min": -0.0007190137024422946,
        "max": 0.014874241206274154,
        "mean": 0.007489435247236141,
        "std": 0.007273706360829432
      }
    },
    "Autoencoder": {
      "roc_auc": 0.8302460833333334,
      "precision_at_2pct_fpr": 0.8601724539734328,
      "recall_at_2pct_fpr": 0.18455,
      "f1_score_at_2pct_fpr": 0.30389856325388004,
      "score_range": {
        "min": 0.010133921168744564,
        "max": 287.1328430175781,
        "mean": 1.4696581363677979,
        "std": 16.52326774597168
      }
    },
    "Isolation Forest": {
      "roc_auc": 0.5877200891666666,
      "precision_at_2pct_fpr": 0.5201612903225806,
      "recall_at_2pct_fpr": 0.03225,
      "f1_score_at_2pct_fpr": 0.060734463276836154,
      "score_range": {
        "min": 0.4275009972868496,
        "max": 0.7081907581487552,
        "mean": 0.49581843441108714,
        "std": 0.043334785582435975
      }
    },
    "Ensemble": {
      "roc_auc": 0.9425925858333333,
      "precision_at_2pct_fpr": 0.8725302740599108,
      "recall_at_2pct_fpr": 0.20535,
      "f1_score_at_2pct_fpr": 0.332456388877646,
      "score_range": {
        "min": 0.0026885401139668027,
        "max": 0.9753353273714266,
        "mean": 0.277257356870951,
        "std": 0.20254226177499063
      }
    }
  }
}