{
  "timestamp": "2025-11-09T16:03:43",
  "model_type": "ImprovedAutoencoder",
  "model_path": "models/autoencoder_improved.keras",
  "architecture": {
    "input_dim": 704,
    "encoder": "704 \u2192 512 \u2192 128 \u2192 64",
    "decoder": "64 \u2192 128 \u2192 512 \u2192 704",
    "latent_dim": 64,
    "normalization": "LayerNorm",
    "activation": "ReLU",
    "output_activation": "linear",
    "regularization": {
      "l2_weights": 0.0001,
      "l1_latent": 1e-05
    },
    "denoising": true,
    "gaussian_noise": 0.05
  },
  "training": {
    "optimizer": "Adam(1e-3)",
    "loss": "MSE",
    "batch_size": 512,
    "epochs_max": 50,
    "validation_split": 0.1,
    "callbacks": [
      "ReduceLROnPlateau",
      "EarlyStopping"
    ],
    "training_time_seconds": 72.94936609268188
  },
  "evaluation": {
    "threshold": 0.19122056663036346,
    "precision": 0.793400385781207,
    "recall": 0.57585,
    "f1_score": 0.6673426816548846,
    "roc_auc": 0.8302460833333334,
    "tp": 11517,
    "fp": 2999,
    "tn": 27001,
    "fn": 8483
  },
  "data_shapes": {
    "train": [
      38486,
      704
    ],
    "test": [
      50000,
      704
    ]
  },
  "feature_type": "standardized_704_features",
  "score_statistics": {
    "normal_mean": 0.17455458641052246,
    "normal_std": 2.4118828773498535,
    "attack_mean": 3.412313222885132,
    "attack_std": 25.83660888671875,
    "separation_ratio": 19.548688888549805
  }
}