{
  "timestamp": "2025-09-30T16:26:49",
  "test_data_info": {
    "total_samples": 50000,
    "benign_samples": 30000,
    "attack_samples": 20000,
    "features": 704
  },
  "model_performances": {
    "OneClassSVM": {
      "roc_auc": 0.9787696058333333,
      "best_f1": 0.9418510224672096,
      "best_precision": 0.9273150167175461,
      "best_recall": 0.95685,
      "best_fpr": 0.05
    },
    "Autoencoder": {
      "roc_auc": 0.8228461533333332,
      "best_f1": 0.15513986614038097,
      "best_precision": 0.5465538089480049,
      "best_recall": 0.0904,
      "best_fpr": 0.05
    },
    "IsolationForest": {
      "roc_auc": 0.5779845791666667,
      "best_f1": 0.05377025436770164,
      "best_precision": 0.2836676217765043,
      "best_recall": 0.0297,
      "best_fpr": 0.05
    },
    "Ensemble": {
      "roc_auc": 0.8488675325,
      "best_f1": 0.1357842712217116,
      "best_precision": 0.5107632093933464,
      "best_recall": 0.0783,
      "best_fpr": 0.05
    }
  },
  "ensemble_info": {
    "weights": {
      "OneClassSVM": 0.41131680394652387,
      "Autoencoder": 0.3457917449741384,
      "IsolationForest": 0.24289145107933793
    },
    "method": "roc_auc_weighted_average"
  },
  "rankings": [
    {
      "rank": 1,
      "model": "OneClassSVM",
      "roc_auc": 0.9787696058333333,
      "f1_score": 0.9418510224672096
    },
    {
      "rank": 2,
      "model": "Ensemble",
      "roc_auc": 0.8488675325,
      "f1_score": 0.1357842712217116
    },
    {
      "rank": 3,
      "model": "Autoencoder",
      "roc_auc": 0.8228461533333332,
      "f1_score": 0.15513986614038097
    },
    {
      "rank": 4,
      "model": "IsolationForest",
      "roc_auc": 0.5779845791666667,
      "f1_score": 0.05377025436770164
    }
  ],
  "best_model": "OneClassSVM",
  "best_roc_auc": 0.9787696058333333
}