{
  "timestamp": "2025-11-09T16:14:27",
  "test_data_info": {
    "total_samples": 50000,
    "benign_samples": 30000,
    "attack_samples": 20000,
    "features": 704
  },
  "model_performances": {
    "OneClassSVM": {
      "roc_auc": 0.982319835,
      "best_f1": 0.9272527691847121,
      "best_precision": 0.9253136825333599,
      "best_recall": 0.9292,
      "best_fpr": 0.05
    },
    "Autoencoder": {
      "roc_auc": 0.8302460833333334,
      "best_f1": 0.5308688373364311,
      "best_precision": 0.8381702449023627,
      "best_recall": 0.38845,
      "best_fpr": 0.05
    },
    "IsolationForest": {
      "roc_auc": 0.5877200891666666,
      "best_f1": 0.09675563227548356,
      "best_precision": 0.4215194755109911,
      "best_recall": 0.05465,
      "best_fpr": 0.05
    },
    "Ensemble": {
      "roc_auc": 0.9424345508333332,
      "best_f1": 0.571048783729895,
      "best_precision": 0.8513674197384067,
      "best_recall": 0.4296,
      "best_fpr": 0.05
    }
  },
  "ensemble_info": {
    "weights": {
      "OneClassSVM": 0.4092511608744192,
      "Autoencoder": 0.3458946478624312,
      "IsolationForest": 0.24485419126314956
    },
    "method": "roc_auc_weighted_average"
  },
  "rankings": [
    {
      "rank": 1,
      "model": "OneClassSVM",
      "roc_auc": 0.982319835,
      "f1_score": 0.9272527691847121
    },
    {
      "rank": 2,
      "model": "Ensemble",
      "roc_auc": 0.9424345508333332,
      "f1_score": 0.571048783729895
    },
    {
      "rank": 3,
      "model": "Autoencoder",
      "roc_auc": 0.8302460833333334,
      "f1_score": 0.5308688373364311
    },
    {
      "rank": 4,
      "model": "IsolationForest",
      "roc_auc": 0.5877200891666666,
      "f1_score": 0.09675563227548356
    }
  ],
  "best_model": "OneClassSVM",
  "best_roc_auc": 0.982319835
}