{
  "timestamp": "2025-11-09T15:33:08",
  "model_type": "Isolation Forest (Improved)",
  "model_path": "models/isolation_forest_improved.pkl",
  "best_hyperparameters": {
    "n_estimators": 100,
    "max_samples": 1024,
    "max_features": 1.0,
    "bootstrap": false,
    "contamination": "auto"
  },
  "best_roc_auc": 0.5877200891666666,
  "data_shapes": {
    "train": [
      38486,
      704
    ],
    "val": [
      9622,
      704
    ],
    "test": [
      50000,
      704
    ]
  },
  "feature_type": "standardized_704_features",
  "thresholding_method": "validation_based_fpr_target",
  "final_evaluations": {
    "fpr_1pct": {
      "threshold": 0.640664501809158,
      "precision": 0.6616800920598389,
      "recall": 0.02875,
      "f1_score": 0.05510565911160094,
      "fpr": 0.0098,
      "target_fpr": 0.01,
      "tp": 575,
      "fp": 294,
      "tn": 29706,
      "fn": 19425
    },
    "fpr_2pct": {
      "threshold": 0.6280390357753016,
      "precision": 0.5201612903225806,
      "recall": 0.03225,
      "f1_score": 0.060734463276836154,
      "fpr": 0.019833333333333335,
      "target_fpr": 0.02,
      "tp": 645,
      "fp": 595,
      "tn": 29405,
      "fn": 19355
    },
    "fpr_3pct": {
      "threshold": 0.6129991379294976,
      "precision": 0.44180225281602004,
      "recall": 0.0353,
      "f1_score": 0.06537642374293916,
      "fpr": 0.029733333333333334,
      "target_fpr": 0.03,
      "tp": 706,
      "fp": 892,
      "tn": 29108,
      "fn": 19294
    },
    "fpr_5pct": {
      "threshold": 0.5688198658402034,
      "precision": 0.4215194755109911,
      "recall": 0.05465,
      "f1_score": 0.09675563227548356,
      "fpr": 0.05,
      "target_fpr": 0.05,
      "tp": 1093,
      "fp": 1500,
      "tn": 28500,
      "fn": 18907
    }
  },
  "hyperparameter_search_results": [
    {
      "params": {
        "n_estimators": 50,
        "max_samples": 256,
        "max_features": 0.5,
        "bootstrap": true,
        "contamination": "auto"
      },
      "training_time": 0.42412900924682617,
      "roc_auc": 0.544332375,
      "best_metrics": {
        "threshold": 0.6165396282363745,
        "precision": 0.44341372912801486,
        "recall": 0.03585,
        "f1_score": 0.06633667946523569,
        "fpr": 0.03,
        "target_fpr": 0.03,
        "tp": 717,
        "fp": 900,
        "tn": 29100,
        "fn": 19283,
        "validation_threshold": 0.6257591019745374
      }
    },
    {
      "params": {
        "n_estimators": 50,
        "max_samples": 256,
        "max_features": 0.5,
        "bootstrap": true,
        "contamination": 0.01
      },
      "training_time": 2.6067097187042236,
      "roc_auc": 0.544332375,
      "best_metrics": {
        "threshold": 0.6165396282363745,
        "precision": 0.44341372912801486,
        "recall": 0.03585,
        "f1_score": 0.06633667946523569,
        "fpr": 0.03,
        "target_fpr": 0.03,
        "tp": 717,
        "fp": 900,
        "tn": 29100,
        "fn": 19283,
        "validation_threshold": 0.6257591019745374
      }
    },
    {
      "params": {
        "n_estimators": 50,
        "max_samples": 256,
        "max_features": 0.5,
        "bootstrap": true,
        "contamination": 0.02
      },
      "training_time": 2.7130320072174072,
      "roc_auc": 0.544332375,
      "best_metrics": {
        "threshold": 0.6165396282363745,
        "precision": 0.44341372912801486,
        "recall": 0.03585,
        "f1_score": 0.06633667946523569,
        "fpr": 0.03,
        "target_fpr": 0.03,
        "tp": 717,
        "fp": 900,
        "tn": 29100,
        "fn": 19283,
        "validation_threshold": 0.6257591019745374
      }
    },
    {
      "params": {
        "n_estimators": 50,
        "max_samples": 256,
        "max_features": 0.5,
        "bootstrap": true,
        "contamination": 0.03
      },
      "training_time": 2.7435171604156494,
      "roc_auc": 0.544332375,
      "best_metrics": {
        "threshold": 0.6165396282363745,
        "precision": 0.44341372912801486,
        "recall": 0.03585,
        "f1_score": 0.06633667946523569,
        "fpr": 0.03,
        "target_fpr": 0.03,
        "tp": 717,
        "fp": 900,
        "tn": 29100,
        "fn": 19283,
        "validation_threshold": 0.6257591019745374
      }
    },
    {
      "params": {
        "n_estimators": 50,
        "max_samples": 256,
        "max_features": 0.5,
        "bootstrap": false,
        "contamination": "auto"
      },
      "training_time": 0.4290008544921875,
      "roc_auc": 0.5498212441666667,
      "best_metrics": {
        "threshold": 0.6197861546939617,
        "precision": 0.44084682440846823,
        "recall": 0.0354,
        "f1_score": 0.0655373507359067,
        "fpr": 0.029933333333333333,
        "target_fpr": 0.03,
        "tp": 708,
        "fp": 898,
        "tn": 29102,
        "fn": 19292,
        "validation_threshold": 0.6283045453849604
      }
    },
    {
      "params": {
        "n_estimators": 50,
        "max_samples": 256,
        "max_features": 0.5,
        "bootstrap": false,
        "contamination": 0.01
      },
      "training_time": 2.70182204246521,
      "roc_auc": 0.5498212441666667,
      "best_metrics": {
        "threshold": 0.6197861546939617,
        "precision": 0.44084682440846823,
        "recall": 0.0354,
        "f1_score": 0.0655373507359067,
        "fpr": 0.029933333333333333,
        "target_fpr": 0.03,
        "tp": 708,
        "fp": 898,
        "tn": 29102,
        "fn": 19292,
        "validation_threshold": 0.6283045453849604
      }
    },
    {
      "params": {
        "n_estimators": 50,
        "max_samples": 256,
        "max_features": 0.5,
        "bootstrap": false,
        "contamination": 0.02
      },
      "training_time": 2.7231311798095703,
      "roc_auc": 0.5498212441666667,
      "best_metrics": {
        "threshold": 0.6197861546939617,
        "precision": 0.44084682440846823,
        "recall": 0.0354,
        "f1_score": 0.0655373507359067,
        "fpr": 0.029933333333333333,
        "target_fpr": 0.03,
        "tp": 708,
        "fp": 898,
        "tn": 29102,
        "fn": 19292,
        "validation_threshold": 0.6283045453849604
      }
    },
    {
      "params": {
        "n_estimators": 50,
        "max_samples": 256,
        "max_features": 0.5,
        "bootstrap": false,
        "contamination": 0.03
      },
      "training_time": 2.6972391605377197,
      "roc_auc": 0.5498212441666667,
      "best_metrics": {
        "threshold": 0.6197861546939617,
        "precision": 0.44084682440846823,
        "recall": 0.0354,
        "f1_score": 0.0655373507359067,
        "fpr": 0.029933333333333333,
        "target_fpr": 0.03,
        "tp": 708,
        "fp": 898,
        "tn": 29102,
        "fn": 19292,
        "validation_threshold": 0.6283045453849604
      }
    },
    {
      "params": {
        "n_estimators": 50,
        "max_samples": 256,
        "max_features": 0.75,
        "bootstrap": true,
        "contamination": "auto"
      },
      "training_time": 0.6742241382598877,
      "roc_auc": 0.4912018608333334,
      "best_metrics": {
        "threshold": 0.6159674790417718,
        "precision": 0.35704022988505746,
        "recall": 0.02485,
        "f1_score": 0.046465968586387435,
        "fpr": 0.029833333333333333,
        "target_fpr": 0.03,
        "tp": 497,
        "fp": 895,
        "tn": 29105,
        "fn": 19503,
        "validation_threshold": 0.6160533861056438
      }
    },
    {
      "params": {
        "n_estimators": 50,
        "max_samples": 256,
        "max_features": 0.75,
        "bootstrap": true,
        "contamination": 0.01
      },
      "training_time": 4.092598915100098,
      "roc_auc": 0.4912018608333334,
      "best_metrics": {
        "threshold": 0.6159674790417718,
        "precision": 0.35704022988505746,
        "recall": 0.02485,
        "f1_score": 0.046465968586387435,
        "fpr": 0.029833333333333333,