{
  "timestamp": "2025-09-30T09:51:48",
  "model_type": "OneClassSVM",
  "model_path": "models/oneclass_svm_optimized.pkl",
  "hyperparameters": {
    "gamma": 0.1,
    "nu": 0.01,
    "kernel": "rbf"
  },
  "training_time_seconds": 2080.3666622638702,
  "test_evaluation": {
    "threshold": 0.013451583860593197,
    "precision": 0.9273150167175461,
    "recall": 0.95685,
    "f1_score": 0.9418510224672096,
    "roc_auc": 0.9787696058333333,
    "tp": 19137,
    "fp": 1500,
    "tn": 28500,
    "fn": 863
  },
  "data_shapes": {
    "train": [
      77920,
      704
    ],
    "test": [
      50000,
      704
    ]
  }
}