{
  "timestamp": "2025-11-09T15:43:27",
  "model_type": "OneClassSVM",
  "model_path": "models/oneclass_svm_optimized.pkl",
  "hyperparameters": {
    "gamma": 0.1,
    "nu": 0.01,
    "kernel": "rbf"
  },
  "training_time_seconds": 332.20432686805725,
  "test_evaluation": {
    "threshold": 0.014778407221721593,
    "precision": 0.9253136825333599,
    "recall": 0.9292,
    "f1_score": 0.9272527691847121,
    "roc_auc": 0.982319835,
    "tp": 18584,
    "fp": 1500,
    "tn": 28500,
    "fn": 1416
  },
  "data_shapes": {
    "train": [
      38486,
      704
    ],
    "test": [
      50000,
      704
    ]
  }
}