{
  "timestamp": "2025-09-30T10:40:36",
  "test_data": {
    "total_samples": 50000,
    "benign_samples": 30000,
    "attack_samples": 20000,
    "standardized_features": 704,
    "pca_features": 200
  },
  "model_results": {
    "isolation_forest": {
      "roc_auc": 0.5610057733333332,
      "best_metrics": {
        "threshold": 0.5569275698220169,
        "precision": 0.25298804780876494,
        "recall": 0.0508,
        "f1_score": 0.08461025982678214,
        "fpr": 0.1,
        "tp": 1016,
        "fp": 3000,
        "tn": 27000,
        "fn": 18984
      },
      "score_stats": {
        "normal_mean": 0.5141733058210243,
        "normal_std": 0.03952980987703653,
        "anomaly_mean": 0.5144784861984272,
        "anomaly_std": 0.02737702372335943
      }
    },
    "oneclass_svm": {
      "roc_auc": 0.9787696058333333,
      "best_metrics": {
        "threshold": 0.013451583860593197,
        "precision": 0.9273150167175461,
        "recall": 0.95685,
        "f1_score": 0.9418510224672096,
        "fpr": 0.05,
        "tp": 19137,
        "fp": 1500,
        "tn": 28500,
        "fn": 863
      },
      "score_stats": {
        "normal_mean": 0.005656656626694922,
        "normal_std": 0.006267521278681132,
        "anomaly_mean": 0.013385562140892173,
        "anomaly_std": 0.0009096161911469765
      }
    },
    "autoencoder": {
      "roc_auc": 0.40660363749999995,
      "best_metrics": {
        "threshold": 6.47617086997343e-06,
        "precision": 0.24924924924924924,
        "recall": 0.0249,
        "f1_score": 0.0452768433493954,
        "fpr": 0.05,
        "tp": 498,
        "fp": 1500,
        "tn": 28500,
        "fn": 19502
      },
      "score_stats": {
        "normal_mean": 6.492859029094689e-06,
        "normal_std": 6.221827788976952e-05,
        "anomaly_mean": 2.592456257843878e-05,
        "anomaly_std": 0.0002027164155151695
      }
    }
  },
  "rankings": [
    {
      "rank": 1,
      "model": "OneClassSVM",
      "roc_auc": 0.9787696058333333
    },
    {
      "rank": 2,
      "model": "Isolation Forest",
      "roc_auc": 0.5610057733333332
    },
    {
      "rank": 3,
      "model": "Autoencoder",
      "roc_auc": 0.40660363749999995
    }
  ],
  "best_model": "OneClassSVM",
  "best_roc_auc": 0.9787696058333333
}